sofifa_id,player_url,short_name,long_name,age,dob,height_cm,weight_kg,nationality,club_name,league_name,league_rank,overall,potential,value_eur,wage_eur,player_positions,preferred_foot,international_reputation,weak_foot,skill_moves,work_rate,body_type,real_face,release_clause_eur,player_tags,team_position,team_jersey_number,loaned_from,joined,contract_valid_until,nation_position,nation_jersey_number,pace,shooting,passing,dribbling,defending,physic,gk_diving,gk_handling,gk_kicking,gk_reflexes,gk_speed,gk_positioning,player_traits,attacking_crossing,attacking_finishing,attacking_heading_accuracy,attacking_short_passing,attacking_volleys,skill_dribbling,skill_curve,skill_fk_accuracy,skill_long_passing,skill_ball_control,movement_acceleration,movement_sprint_speed,movement_agility,movement_reactions,movement_balance,power_shot_power,power_jumping,power_stamina,power_strength,power_long_shots,mentality_aggression,mentality_interceptions,mentality_positioning,mentality_vision,mentality_penalties,mentality_composure,defending_marking,defending_standing_tackle,defending_sliding_tackle,goalkeeping_diving,goalkeeping_handling,goalkeeping_kicking,goalkeeping_positioning,goalkeeping_reflexes,ls,st,rs,lw,lf,cf,rf,rw,lam,cam,ram,lm,lcm,cm,rcm,rm,lwb,ldm,cdm,rdm,rwb,lb,lcb,cb,rcb,rb
158023,https://sofifa.com/player/158023/lionel-messi/210002,L. Messi,Lionel Andrés Messi Cuccittini,33,24/06/1987,170,72,Argentina,FC Barcelona,Spain Primera Division,1,93,93,67500000,560000,"RW, ST, CF",Left,5,4,4,Medium/Low,Messi,Yes,138400000,"#Dribbler, #Distance Shooter, #FK Specialist, #Acrobat, #Clinical Finisher, #Complete Forward",CAM,10,,01/07/2004,2021,RW,10,85,92,91,95,38,65,,,,,,,"Finesse Shot, Long Shot Taker (AI), Speed Dribbler (AI), Playmaker (AI), Outside Foot Shot, One Club Player, Team Player, Chip Shot (AI)",85,95,70,91,88,96,93,94,91,96,91,80,91,94,95,86,68,72,69,94,44,40,93,95,75,96,,35,24,6,11,15,14,8,89+3,89+3,89+3,92+0,93+0,93+0,93+0,92+0,93+0,93+0,93+0,91+2,87+3,87+3,87+3,91+2,66+3,65+3,65+3,65+3,66+3,62+3,52+3,52+3,52+3,62+3
20801,https://sofifa.com/player/20801/c-ronaldo-dos-santos-aveiro/210002,Cristiano Ronaldo,Cristiano Ronaldo dos Santos Aveiro,35,05/02/1985,187,83,Portugal,Juventus,Italian Serie A,1,92,92,46000000,220000,"ST, LW",Right,5,4,5,High/Low,C. Ronaldo,Yes,75900000,"#Aerial Threat, #Dribbler, #Distance Shooter, #Acrobat, #Clinical Finisher, #Complete Forward",LS,7,,10/07/2018,2022,LS,7,89,93,81,89,35,77,,,,,,,"Power Free-Kick, Flair, Long Shot Taker (AI), Speed Dribbler (AI), Outside Foot Shot",84,95,90,82,86,88,81,76,77,92,87,91,87,95,71,94,95,84,78,93,63,29,95,82,84,95,,32,24,7,11,15,14,11,91+1,91+1,91+1,89+0,91+0,91+0,91+0,89+0,88+3,88+3,88+3,88+3,81+3,81+3,81+3,88+3,65+3,61+3,61+3,61+3,65+3,61+3,54+3,54+3,54+3,61+3
200389,https://sofifa.com/player/200389/jan-oblak/210002,J. Oblak,Jan Oblak,27,07/01/1993,188,87,Slovenia,Atlético Madrid,Spain Primera Division,1,91,93,75000000,125000,GK,Right,3,3,1,Medium/Medium,PLAYER_BODY_TYPE_259,Yes,159400000,,GK,13,,16/07/2014,2023,GK,1,,,,,,,87,92,78,90,52,90,"GK Long Throw, Comes For Crosses",13,11,15,43,13,12,13,14,40,30,43,60,67,88,49,59,78,41,78,12,34,19,11,65,11,68,,12,18,87,92,78,90,90,33+3,33+3,33+3,32+0,35+0,35+0,35+0,32+0,38+3,38+3,38+3,35+3,38+3,38+3,38+3,35+3,32+3,36+3,36+3,36+3,32+3,32+3,33+3,33+3,33+3,32+3
188545,https://sofifa.com/player/188545/robert-lewandowski/210002,R. Lewandowski,Robert Lewandowski,31,21/08/1988,184,80,Poland,FC Bayern München,German 1. Bundesliga,1,91,91,80000000,240000,ST,Right,4,4,4,High/Medium,PLAYER_BODY_TYPE_276,Yes,132000000,"#Distance Shooter, #Clinical Finisher",ST,9,,01/07/2014,2023,,,78,91,78,85,43,82,,,,,,,"Solid Player, Finesse Shot, Outside Foot Shot, Chip Shot (AI)",71,94,85,84,89,85,79,85,70,88,77,78,77,93,82,89,84,76,86,85,81,49,94,79,88,88,,42,19,15,6,12,8,10,89+2,89+2,89+2,85+0,87+0,87+0,87+0,85+0,85+3,85+3,85+3,83+3,79+3,79+3,79+3,83+3,64+3,65+3,65+3,65+3,64+3,61+3,60+3,60+3,60+3,61+3
190871,https://sofifa.com/player/190871/neymar-da-silva-santos-jr/210002,Neymar Jr,Neymar da Silva Santos Júnior,28,05/02/1992,175,68,Brazil,Paris Saint-Germain,French Ligue 1,1,91,91,90000000,270000,"LW, CAM",Right,5,5,5,High/Medium,Neymar,Yes,166500000,"#Speedster, #Dribbler, #Playmaker, #FK Specialist, #Acrobat, #Clinical Finisher, #Complete Midfielder, #Complete Forward",LW,10,,03/08/2017,2022,,,91,85,86,94,36,59,,,,,,,"Injury Prone, Flair, Speed Dribbler (AI), Outside Foot Shot, Technical Dribbler (AI)",85,87,62,87,87,95,88,89,81,95,94,89,96,91,83,80,62,81,50,84,51,36,87,90,92,93,,30,29,9,9,15,15,11,84+3,84+3,84+3,90+0,89+0,89+0,89+0,90+0,90+1,90+1,90+1,90+1,83+3,83+3,83+3,90+1,67+3,62+3,62+3,62+3,67+3,62+3,49+3,49+3,49+3,62+3
192985,https://sofifa.com/player/192985/kevin-de-bruyne/210002,K. De Bruyne,Kevin De Bruyne,29,28/06/1991,181,70,Belgium,Manchester City,English Premier League,1,91,91,87000000,370000,"CAM, CM",Right,4,5,4,High/High,PLAYER_BODY_TYPE_321,Yes,161000000,"#Dribbler, #Playmaker, #Engine, #Distance Shooter, #Crosser, #Complete Midfielder",RCM,17,,30/08/2015,2023,RCM,7,76,86,93,88,64,78,,,,,,,"Injury Prone, Leadership, Early Crosser, Long Passer (AI), Long Shot Taker (AI), Playmaker (AI), Outside Foot Shot",94,82,55,94,82,88,85,83,93,92,77,76,78,91,76,91,63,89,74,91,76,66,88,94,84,91,,65,53,15,13,5,10,13,83+3,83+3,83+3,88+0,88+0,88+0,88+0,88+0,89+2,89+2,89+2,89+2,89+2,89+2,89+2,89+2,79+3,80+3,80+3,80+3,79+3,75+3,69+3,69+3,69+3,75+3
231747,https://sofifa.com/player/231747/kylian-mbappe/210002,K. Mbappé,Kylian Mbappé Lottin,21,20/12/1998,178,73,France,Paris Saint-Germain,French Ligue 1,1,90,95,105500000,160000,"ST, LW, RW",Right,3,4,5,High/Low,PLAYER_BODY_TYPE_343,Yes,203100000,"#Speedster, #Dribbler, #Acrobat",LS,7,,01/07/2018,2022,RM,10,96,86,78,91,39,76,,,,,,,"Finesse Shot, Flair, Speed Dribbler (AI), Outside Foot Shot, Technical Dribbler (AI)",78,91,73,83,83,92,79,63,70,90,96,96,92,92,82,86,77,86,76,79,62,38,91,80,70,84,,34,32,13,5,7,11,6,88+3,88+3,88+3,89+0,89+0,89+0,89+0,89+0,87+3,87+3,87+3,87+3,79+3,79+3,79+3,87+3,67+3,63+3,63+3,63+3,67+3,63+3,55+3,55+3,55+3,63+3
192448,https://sofifa.com/player/192448/marc-andre-ter-stegen/210002,M. ter Stegen,Marc-André ter Stegen,28,30/04/1992,187,85,Germany,FC Barcelona,Spain Primera Division,1,90,93,69500000,260000,GK,Right,3,4,1,Medium/Medium,PLAYER_BODY_TYPE_262,Yes,147700000,,GK,1,,01/07/2014,2022,SUB,22,,,,,,,88,85,88,90,45,88,"Rushes Out Of Goal, Comes For Crosses, Saves with Feet",18,14,11,61,14,21,18,12,63,30,38,50,37,86,43,66,79,35,78,10,43,22,11,70,25,70,,13,10,88,85,88,88,90,35+3,35+3,35+3,34+0,38+0,38+0,38+0,34+0,42+3,42+3,42+3,39+3,45+3,45+3,45+3,39+3,33+3,41+3,41+3,41+3,33+3,31+3,33+3,33+3,33+3,31+3
203376,https://sofifa.com/player/203376/virgil-van-dijk/210002,V. van Dijk,Virgil van Dijk,28,08/07/1991,193,92,Netherlands,Liverpool,English Premier League,1,90,91,75500000,210000,CB,Right,3,3,2,Medium/Medium,PLAYER_BODY_TYPE_314,Yes,145300000,"#Tackling, #Tactician, #Strength, #Complete Defender",LCB,4,,01/01/2018,2023,LCB,4,76,60,71,71,91,86,,,,,,,"Solid Player, Leadership, Long Passer (AI), Power Header",53,52,87,79,45,70,60,70,86,77,72,79,61,89,53,81,90,75,92,64,83,90,47,65,62,90,,93,86,13,10,13,11,11,70+3,70+3,70+3,68+0,69+0,69+0,69+0,68+0,70+3,70+3,70+3,70+3,76+3,76+3,76+3,70+3,80+3,85+3,85+3,85+3,80+3,82+3,89+2,89+2,89+2,82+3
212831,https://sofifa.com/player/212831/alisson-ramses-becker/210002,Alisson,Alisson Ramsés Becker,27,02/10/1992,191,91,Brazil,Liverpool,English Premier League,1,90,91,62500000,160000,GK,Right,3,3,1,Medium/Medium,PLAYER_BODY_TYPE_312,Yes,120300000,,GK,1,,19/07/2018,2024,,,,,,,,,86,88,85,89,51,91,"GK Long Throw, Rushes Out Of Goal",17,13,19,45,20,27,19,18,44,30,56,47,40,88,37,64,52,32,78,14,27,11,13,66,23,65,,19,16,86,88,85,91,89,36+3,36+3,36+3,35+0,38+0,38+0,38+0,35+0,40+3,40+3,40+3,38+3,40+3,40+3,40+3,38+3,31+3,35+3,35+3,35+3,31+3,30+3,30+3,30+3,30+3,30+3
208722,https://sofifa.com/player/208722/sadio-mane/210002,S. Mané,Sadio Mané,28,10/04/1992,175,69,Senegal,Liverpool,English Premier League,1,90,90,78000000,250000,LW,Right,3,4,4,High/Medium,PLAYER_BODY_TYPE_313,Yes,144300000,"#Speedster, #Dribbler, #Acrobat",LW,10,,01/07/2016,2023,,,94,85,80,90,44,76,,,,,,,"Flair, Speed Dribbler (AI)",76,90,84,85,75,91,76,64,71,89,95,93,93,93,86,84,86,88,70,78,75,35,92,85,71,84,,42,38,10,10,15,7,14,88+2,88+2,88+2,89+0,89+0,89+0,89+0,89+0,88+2,88+2,88+2,88+2,81+3,81+3,81+3,88+2,69+3,65+3,65+3,65+3,69+3,66+3,59+3,59+3,59+3,66+3
209331,https://sofifa.com/player/209331/mohamed-salah/210002,M. Salah,Mohamed Salah Ghaly,28,15/06/1992,175,71,Egypt,Liverpool,English Premier League,1,90,90,78000000,250000,RW,Left,3,3,4,High/Medium,Mohamed Salah,Yes,144300000,"#Speedster, #Dribbler, #Acrobat, #Clinical Finisher, #Complete Forward",RW,11,,01/07/2017,2023,RW,10,93,86,81,90,45,75,,,,,,,"Finesse Shot, Long Shot Taker (AI), Speed Dribbler (AI), Outside Foot Shot, Chip Shot (AI)",79,91,59,84,79,90,83,69,75,89,94,92,91,92,91,80,69,85,75,84,63,55,91,84,83,90,,43,41,14,14,9,11,14,85+3,85+3,85+3,88+0,88+0,88+0,88+0,88+0,88+2,88+2,88+2,87+3,82+3,82+3,82+3,87+3,71+3,68+3,68+3,68+3,71+3,67+3,58+3,58+3,58+3,67+3
192119,https://sofifa.com/player/192119/thibaut-courtois/210002,T. Courtois,Thibaut Courtois,28,11/05/1992,199,96,Belgium,Real Madrid,Spain Primera Division,1,89,90,56000000,250000,GK,Left,4,3,1,Medium/Medium,Courtois,Yes,119000000,,GK,1,,09/08/2018,2024,GK,1,,,,,,,84,89,74,88,48,85,"GK Long Throw, Comes For Crosses",14,14,13,33,12,13,19,20,35,23,42,52,61,84,45,56,68,38,70,17,23,15,13,44,27,66,,18,16,84,89,74,85,88,31+3,31+3,31+3,29+0,31+0,31+0,31+0,29+0,32+3,32+3,32+3,31+3,32+3,32+3,32+3,31+3,29+3,31+3,31+3,31+3,29+3,29+3,29+3,29+3,29+3,29+3
153079,https://sofifa.com/player/153079/sergio-aguero/210002,S. Agüero,Sergio Leonel Agüero del Castillo,32,02/06/1988,173,70,Argentina,Manchester City,English Premier League,1,89,89,53000000,300000,ST,Right,4,4,4,High/Medium,PLAYER_BODY_TYPE_322,Yes,98100000,"#Dribbler, #Clinical Finisher, #Complete Forward",SUB,10,,28/07/2011,2021,ST,9,78,90,77,88,33,73,,,,,,,"Injury Prone, Leadership, Chip Shot (AI)",70,94,78,83,86,88,83,73,64,89,79,78,84,92,91,89,78,78,74,84,65,24,94,83,75,91,,29,24,13,15,6,11,14,87+2,87+2,87+2,86+0,88+0,88+0,88+0,86+0,86+3,86+3,86+3,84+3,77+3,77+3,77+3,84+3,60+3,58+3,58+3,58+3,60+3,56+3,51+3,51+3,51+3,56+3
155862,https://sofifa.com/player/155862/sergio-ramos-garcia/210002,Sergio Ramos,Sergio Ramos García,34,30/03/1986,184,82,Spain,Real Madrid,Spain Primera Division,1,89,89,24500000,300000,CB,Right,4,3,3,High/Medium,PLAYER_BODY_TYPE_352,Yes,50200000,"#Aerial Threat, #Tackling, #Tactician, #Complete Defender",LCB,4,,01/08/2005,2021,RCB,15,71,70,76,73,88,85,,,,,,,"Dives Into Tackles (AI), Leadership, Long Passer (AI), Power Header, Team Player",66,65,92,82,69,65,74,76,83,83,72,70,78,92,66,79,93,81,85,64,90,88,73,71,92,88,,88,90,11,8,9,7,11,77+3,77+3,77+3,73+0,75+0,75+0,75+0,73+0,75+3,75+3,75+3,75+3,79+3,79+3,79+3,75+3,81+3,85+3,85+3,85+3,81+3,83+3,88+1,88+1,88+1,83+3
165153,https://sofifa.com/player/165153/karim-benzema/210002,K. Benzema,Karim Benzema,32,19/12/1987,185,81,France,Real Madrid,Spain Primera Division,1,89,89,53000000,350000,"CF, ST",Right,4,4,4,Medium/Low,Normal,Yes,108700000,#Poacher,CF,9,,09/07/2009,2022,,,74,85,81,86,40,76,,,,,,,"Leadership, Finesse Shot, Playmaker (AI), Outside Foot Shot, Team Player",75,88,91,86,86,87,81,73,73,90,77,72,79,91,69,84,79,78,80,79,63,39,90,87,84,90,,24,18,13,11,5,5,7,86+3,86+3,86+3,85+0,87+0,87+0,87+0,85+0,86+3,86+3,86+3,84+3,80+3,80+3,80+3,84+3,63+3,63+3,63+3,63+3,63+3,59+3,55+3,55+3,55+3,59+3
167495,https://sofifa.com/player/167495/manuel-neuer/210002,M. Neuer,Manuel Neuer,34,27/03/1986,193,92,Germany,FC Bayern München,German 1. Bundesliga,1,89,89,29000000,125000,GK,Right,5,4,1,Medium/Medium,PLAYER_BODY_TYPE_273,Yes,47900000,,GK,1,,01/07/2011,2023,GK,1,,,,,,,87,87,91,89,57,86,"Leadership, GK Long Throw, Rushes Out Of Goal, Comes For Crosses",15,13,25,55,11,30,14,11,59,46,54,60,51,86,35,68,77,43,80,16,29,30,12,70,47,70,,10,11,87,87,91,86,89,39+3,39+3,39+3,40+0,43+0,43+0,43+0,40+0,46+3,46+3,46+3,43+3,48+3,48+3,48+3,43+3,36+3,42+3,42+3,42+3,36+3,34+3,34+3,34+3,34+3,34+3
200145,https://sofifa.com/player/200145/carlos-henrique-venancio-casimiro/210002,Casemiro,Carlos Henrique Venancio Casimiro,28,23/02/1992,185,84,Brazil,Real Madrid,Spain Primera Division,1,89,89,59500000,310000,CDM,Right,3,3,2,High/High,PLAYER_BODY_TYPE_358,Yes,122000000,"#Engine, #Tackling, #Tactician, #Strength, #Complete Defender",CDM,14,,11/07/2013,2023,,,65,73,76,72,86,91,,,,,,,"Power Free-Kick, Solid Player, Dives Into Tackles (AI), Long Shot Taker (AI), Team Player",58,64,80,84,63,69,63,74,84,79,60,69,61,87,66,88,87,90,91,81,91,87,72,80,66,84,,88,87,13,14,16,12,12,76+3,76+3,76+3,72+0,75+0,75+0,75+0,72+0,76+3,76+3,76+3,74+3,81+3,81+3,81+3,74+3,80+3,86+3,86+3,86+3,80+3,81+3,86+3,86+3,86+3,81+3
210257,https://sofifa.com/player/210257/ederson-santana-de-moraes/210002,Ederson,Ederson Santana de Moraes,26,17/08/1993,188,86,Brazil,Manchester City,English Premier League,1,88,91,53500000,195000,GK,Left,2,3,1,Medium/Medium,PLAYER_BODY_TYPE_325,Yes,103000000,,GK,31,,01/07/2017,2024,,,,,,,,,86,82,93,88,63,86,"Long Passer (AI), Rushes Out Of Goal, Comes For Crosses",20,14,14,57,18,23,15,20,59,40,64,63,60,87,48,70,66,41,78,18,38,27,20,70,17,70,,15,8,86,82,93,86,88,39+2,39+2,39+2,40+0,43+0,43+0,43+0,40+0,46+2,46+2,46+2,44+2,47+2,47+2,47+2,44+2,37+2,43+2,43+2,43+2,37+2,35+2,35+2,35+2,35+2,35+2
202652,https://sofifa.com/player/202652/raheem-sterling/210002,R. Sterling,Raheem Shaquille Sterling,25,08/12/1994,170,69,England,Manchester City,English Premier League,1,88,90,72500000,270000,"LW, RW",Right,3,3,4,High/Medium,PLAYER_BODY_TYPE_320,Yes,139600000,"#Speedster, #Dribbler, #Acrobat",LW,7,,14/07/2015,2023,LW,7,93,81,79,90,45,67,,,,,,,"Flair, Speed Dribbler (AI)",78,85,46,84,67,90,77,63,69,88,96,90,94,90,94,78,57,79,65,79,59,30,92,82,69,80,,53,47,15,12,12,15,9,81+3,81+3,81+3,87+0,87+0,87+0,87+0,87+0,86+3,86+3,86+3,86+3,79+3,79+3,79+3,86+3,69+3,64+3,64+3,64+3,69+3,65+3,55+3,55+3,55+3,65+3
212622,https://sofifa.com/player/212622/joshua-kimmich/210002,J. Kimmich,Joshua Kimmich,25,08/02/1995,176,73,Germany,FC Bayern München,German 1. Bundesliga,1,88,90,65000000,145000,"CDM, RB",Right,3,4,3,High/Medium,Lean,Yes,112100000,#Crosser,RDM,6,,01/07/2015,2023,RCM,6,71,72,86,84,81,79,,,,,,,Leadership,91,66,72,87,67,83,85,61,86,85,77,66,84,88,84,78,79,95,67,84,89,82,80,84,44,85,,84,79,8,15,7,15,15,77+3,77+3,77+3,81+0,80+0,80+0,80+0,81+0,82+3,82+3,82+3,83+3,85+3,85+3,85+3,83+3,84+3,85+3,85+3,85+3,84+3,83+3,80+3,80+3,80+3,83+3
202126,https://sofifa.com/player/202126/harry-kane/210002,H. Kane,Harry Kane,26,28/07/1993,188,89,England,Tottenham Hotspur,English Premier League,1,88,89,71000000,220000,ST,Right,3,4,3,High/High,PLAYER_BODY_TYPE_368,Yes,140200000,"#Distance Shooter, #Clinical Finisher",ST,10,,01/07/2010,2024,ST,9,68,91,80,80,47,83,,,,,,,"Leadership, Long Passer (AI), Long Shot Taker (AI), Outside Foot Shot, Team Player",75,94,85,81,85,80,80,68,83,84,66,69,69,90,73,91,79,84,84,86,81,35,93,83,90,91,,36,38,8,10,11,14,11,86+3,86+3,86+3,82+0,85+0,85+0,85+0,82+0,83+3,83+3,83+3,82+3,79+3,79+3,79+3,82+3,65+3,66+3,66+3,66+3,65+3,62+3,61+3,61+3,61+3,62+3
211110,https://sofifa.com/player/211110/paulo-dybala/210002,P. Dybala,Paulo Bruno Exequiel Dybala,26,15/11/1993,177,75,Argentina,Juventus,Italian Serie A,1,88,89,71000000,190000,"CF, CAM",Left,3,3,4,Medium/Medium,PLAYER_BODY_TYPE_342,Yes,122500000,"#Dribbler, #Playmaker, #FK Specialist, #Acrobat, #Complete Midfielder",RS,10,,01/07/2015,2022,LW,21,85,85,84,92,43,63,,,,,,,"Finesse Shot, Flair, Long Shot Taker (AI), Playmaker (AI), Outside Foot Shot, Technical Dribbler (AI)",82,84,64,87,88,91,88,88,75,94,89,82,92,84,90,82,75,78,60,87,48,42,85,87,86,84,,48,40,5,4,4,5,8,83+3,83+3,83+3,87+0,87+0,87+0,87+0,87+0,88+1,88+1,88+1,86+3,82+3,82+3,82+3,86+3,68+3,64+3,64+3,64+3,68+3,64+3,54+3,54+3,54+3,64+3
162835,https://sofifa.com/player/162835/samir-handanovic/210002,S. Handanovič,Samir Handanovič,35,14/07/1984,193,92,Slovenia,Inter,Italian Serie A,1,88,88,16000000,100000,GK,Right,3,3,1,Medium/Medium,PLAYER_BODY_TYPE_300,Yes,26400000,,GK,1,,01/07/2012,2021,,,,,,,,,88,85,73,89,53,89,"GK Long Throw, Team Player",12,10,10,42,12,18,12,14,40,16,51,55,47,83,36,55,78,41,71,19,25,22,12,41,23,69,,10,13,88,85,73,89,89,31+3,31+3,31+3,29+0,31+0,31+0,31+0,29+0,32+3,32+3,32+3,32+3,34+3,34+3,34+3,32+3,30+3,33+3,33+3,33+3,30+3,29+3,30+3,30+3,30+3,29+3
182521,https://sofifa.com/player/182521/toni-kroos/210002,T. Kroos,Toni Kroos,30,04/01/1990,183,76,Germany,Real Madrid,Spain Primera Division,1,88,88,55000000,310000,CM,Right,4,5,3,Medium/Medium,Normal,Yes,112800000,"#Playmaker, #Distance Shooter, #Crosser, #Complete Midfielder",LCM,8,,17/07/2014,2023,LCM,8,54,81,91,81,71,69,,,,,,,"Long Passer (AI), Long Shot Taker (AI), Playmaker (AI)",88,76,58,93,82,80,86,84,93,89,57,52,63,89,71,89,32,75,73,86,60,79,76,90,73,88,,73,60,10,11,13,7,10,77+3,77+3,77+3,80+0,81+0,81+0,81+0,80+0,83+3,83+3,83+3,81+3,86+2,86+2,86+2,81+3,77+3,81+3,81+3,81+3,77+3,74+3,71+3,71+3,71+3,74+3
183277,https://sofifa.com/player/183277/eden-hazard/210002,E. Hazard,Eden Hazard,29,07/01/1991,175,74,Belgium,Real Madrid,Spain Primera Division,1,88,88,58000000,350000,"LW, ST",Right,4,4,4,High/Medium,PLAYER_BODY_TYPE_356,Yes,118900000,"#Dribbler, #Acrobat",LW,7,,01/07/2019,2024,LF,10,88,82,83,92,35,66,,,,,,,"Injury Prone, Finesse Shot, Flair, Playmaker (AI), Outside Foot Shot, Technical Dribbler (AI)",77,82,61,85,83,93,83,79,81,91,91,86,92,86,93,82,56,82,63,78,54,41,85,86,87,90,,27,22,11,12,6,8,8,82+3,82+3,82+3,87+0,86+0,86+0,86+0,87+0,87+1,87+1,87+1,86+2,80+3,80+3,80+3,86+2,65+3,62+3,62+3,62+3,65+3,59+3,49+3,49+3,49+3,59+3
201024,https://sofifa.com/player/201024/kalidou-koulibaly/210002,K. Koulibaly,Kalidou Koulibaly,29,20/06/1991,187,89,Senegal,Napoli,Italian Serie A,1,88,88,50000000,140000,CB,Right,3,3,2,Medium/High,PLAYER_BODY_TYPE_336,Yes,85000000,"#Tackling, #Tactician, #Strength, #Complete Defender",LCB,26,,01/07/2014,2023,,,75,28,55,68,89,86,,,,,,,Power Header,30,22,84,74,14,69,28,28,63,74,73,77,52,85,41,55,82,70,94,15,87,87,35,52,33,82,,89,87,7,11,7,13,5,57+3,57+3,57+3,57+0,59+0,59+0,59+0,57+0,60+3,60+3,60+3,61+3,66+3,66+3,66+3,61+3,75+3,80+3,80+3,80+3,75+3,78+3,87+1,87+1,87+1,78+3
215914,https://sofifa.com/player/215914/ngolo-kante/210002,N. Kanté,N'Golo Kanté,29,29/03/1991,168,70,France,Chelsea,English Premier League,1,88,88,51000000,190000,"CDM, CM",Right,3,3,2,Medium/High,PLAYER_BODY_TYPE_283,Yes,96900000,"#Tackling, #Tactician",RDM,7,,16/07/2016,2023,LCM,13,77,66,76,81,86,82,,,,,,,,68,65,54,85,56,79,49,49,79,80,79,76,82,91,92,71,77,96,72,65,90,91,72,79,54,85,,90,85,15,12,10,7,10,72+3,72+3,72+3,77+0,77+0,77+0,77+0,77+0,79+3,79+3,79+3,79+3,82+3,82+3,82+3,79+3,85+3,86+2,86+2,86+2,85+3,84+3,83+3,83+3,83+3,84+3
233049,https://sofifa.com/player/233049/jadon-sancho/210002,J. Sancho,Jadon Sancho,20,25/03/2000,180,76,England,Borussia Dortmund,German 1. Bundesliga,1,87,93,69500000,82000,"RM, LM, CAM",Right,3,3,5,High/Medium,Normal,Yes,132100000,"#Dribbler, #Acrobat",RS,7,,31/08/2017,2023,RW,11,83,74,81,91,37,64,,,,,,,"Finesse Shot, Flair, Playmaker (AI), Outside Foot Shot, Technical Dribbler (AI)",83,81,38,88,83,92,81,48,68,91,86,81,91,87,90,70,51,77,67,63,44,39,83,87,60,84,,41,32,7,11,10,11,13,77+3,77+3,77+3,86+0,84+0,84+0,84+0,86+0,86+3,86+3,86+3,85+3,79+3,79+3,79+3,85+3,66+3,62+3,62+3,62+3,66+3,61+3,49+3,49+3,49+3,61+3
231281,https://sofifa.com/player/231281/trent-alexander-arnold/210002,T. Alexander-Arnold,Trent Alexander-Arnold,21,07/10/1998,180,69,England,Liverpool,English Premier League,1,87,92,60000000,110000,RB,Right,2,4,3,High/Medium,PLAYER_BODY_TYPE_316,Yes,115500000,#Crosser,RB,66,,07/10/2015,2024,RB,2,80,66,87,80,80,71,,,,,,,"Early Crosser, Long Passer (AI), Long Shot Taker (AI)",93,56,69,85,62,77,88,85,89,87,77,83,74,83,74,80,66,88,62,74,74,82,76,84,55,81,,83,79,14,15,14,6,7,74+2,74+2,74+2,79+0,78+0,78+0,78+0,79+0,80+2,80+2,80+2,82+2,83+2,83+2,83+2,82+2,84+2,83+2,83+2,83+2,84+2,83+2,78+2,78+2,78+2,83+2
212198,https://sofifa.com/player/212198/bruno-miguel-borges-fernandes/210002,Bruno Fernandes,Bruno Miguel Borges Fernandes,25,08/09/1994,179,69,Portugal,Manchester United,English Premier League,1,87,90,63000000,195000,"CAM, CM",Right,2,4,4,High/High,Lean,Yes,124400000,"#Playmaker, #Engine, #Distance Shooter, #Crosser, #FK Specialist, #Complete Midfielder",CAM,18,,30/01/2020,2025,RCM,16,77,83,88,85,68,75,,,,,,,"Solid Player, Flair, Long Passer (AI), Long Shot Taker (AI), Playmaker (AI), Outside Foot Shot",87,77,58,88,86,85,86,87,87,88,78,76,79,86,79,89,72,94,67,89,70,74,83,90,91,86,,67,55,12,14,15,8,14,80+2,80+2,80+2,84+0,84+0,84+0,84+0,84+0,86+2,86+2,86+2,85+2,86+2,86+2,86+2,85+2,79+2,79+2,79+2,79+2,79+2,76+2,70+2,70+2,70+2,76+2
212218,https://sofifa.com/player/212218/aymeric-laporte/210002,A. Laporte,Aymeric Laporte,26,27/05/1994,189,85,France,Manchester City,English Premier League,1,87,90,56000000,200000,CB,Left,2,3,2,Medium/Medium,PLAYER_BODY_TYPE_319,Yes,107800000,"#Tackling, #Tactician",LCB,14,,30/01/2018,2024,,,63,50,72,68,88,81,,,,,,,Long Passer (AI),58,45,86,82,40,63,61,69,80,78,60,65,59,87,60,68,76,72,85,47,81,87,54,65,44,85,,89,88,10,11,5,14,5,66+2,66+2,66+2,65+0,66+0,66+0,66+0,65+0,68+2,68+2,68+2,68+2,74+2,74+2,74+2,68+2,78+2,83+2,83+2,83+2,78+2,80+2,86+2,86+2,86+2,80+2
209499,https://sofifa.com/player/209499/fabio-henrique-tavares/210002,Fabinho,Fábio Henrique Tavares,26,23/10/1993,188,78,Brazil,Liverpool,English Premier League,1,87,89,54500000,155000,CDM,Right,3,2,3,Medium/High,PLAYER_BODY_TYPE_311,Yes,104900000,"#Tackling, #Tactician",CDM,3,,01/07/2018,2023,,,67,69,79,77,85,83,,,,,,,"Dives Into Tackles (AI), Long Passer (AI)",75,63,75,85,47,76,71,53,83,82,66,68,66,84,65,81,75,88,81,70,86,87,70,79,90,84,,87,85,13,12,6,8,8,74+3,74+3,74+3,75+0,76+0,76+0,76+0,75+0,77+3,77+3,77+3,77+3,81+3,81+3,81+3,77+3,82+3,85+3,85+3,85+3,82+3,82+3,84+3,84+3,84+3,82+3
216267,https://sofifa.com/player/216267/andrew-robertson/210002,A. Robertson,Andrew Robertson,26,11/03/1994,178,64,Scotland,Liverpool,English Premier League,1,87,89,53000000,155000,LB,Left,3,2,3,High/High,PLAYER_BODY_TYPE_310,Yes,102000000,"#Engine, #Crosser",LB,26,,21/07/2017,2024,LB,3,82,62,80,80,81,76,,,,,,,"Early Crosser, Speed Dribbler (AI)",90,57,67,82,32,80,82,38,76,82,79,85,78,84,74,78,62,95,65,65,85,82,77,79,55,83,,84,81,11,8,10,7,14,73+3,73+3,73+3,79+0,77+0,77+0,77+0,79+0,78+3,78+3,78+3,81+3,80+3,80+3,80+3,81+3,85+3,82+3,82+3,82+3,85+3,84+3,79+3,79+3,79+3,84+3
218667,https://sofifa.com/player/218667/bernardo-mota-carvalho-e-silva/210002,Bernardo Silva,Bernardo Mota Veiga de Carvalho e Silva,25,10/08/1994,173,64,Portugal,Manchester City,English Premier League,1,87,88,60000000,230000,"RW, CAM, CM",Left,2,3,4,High/High,Lean,Yes,115500000,"#Dribbler, #Engine, #Acrobat",LCM,20,,01/07/2017,2025,CAM,10,81,77,83,92,51,67,,,,,,,"Flair, Playmaker (AI), Outside Foot Shot, Technical Dribbler (AI)",85,79,51,86,70,92,84,67,76,92,85,78,94,85,92,76,51,93,54,76,69,49,85,85,68,87,,59,40,9,10,14,12,9,78+2,78+2,78+2,86+0,85+0,85+0,85+0,86+0,86+2,86+2,86+2,86+2,82+2,82+2,82+2,86+2,72+2,70+2,70+2,70+2,72+2,68+2,58+2,58+2,58+2,68+2
138956,https://sofifa.com/player/138956/giorgio-chiellini/210002,G. Chiellini,Giorgio Chiellini,35,14/08/1984,187,85,Italy,Juventus,Italian Serie A,1,87,87,15500000,94000,CB,Left,4,3,2,Medium/High,Normal,Yes,25600000,"#Tackling, #Tactician, #Strength, #Complete Defender",LCB,3,,01/07/2005,2021,LCB,16,66,46,58,60,90,79,,,,,,,"Long Throw-in, Injury Prone, Dives Into Tackles (AI), Power Header",54,33,83,65,45,59,60,31,65,61,60,70,57,82,57,78,87,54,87,49,90,88,28,50,50,84,,90,88,3,3,2,4,3,58+3,58+3,58+3,55+0,56+0,56+0,56+0,55+0,56+3,56+3,56+3,57+3,62+3,62+3,62+3,57+3,73+3,77+3,77+3,77+3,73+3,76+3,86+1,86+1,86+1,76+3
167948,https://sofifa.com/player/167948/hugo-lloris/210002,H. Lloris,Hugo Lloris,33,26/12/1986,188,82,France,Tottenham Hotspur,English Premier League,1,87,87,27000000,125000,GK,Left,4,1,1,Medium/Medium,PLAYER_BODY_TYPE_365,Yes,51300000,,GK,1,,31/08/2012,2022,GK,1,,,,,,,89,82,68,90,63,84,"Rushes Out Of Goal, Comes For Crosses",13,10,10,50,11,10,11,10,50,34,65,62,55,85,54,51,74,41,43,14,31,27,10,30,40,65,,10,18,89,82,68,84,90,31+3,31+3,31+3,32+0,33+0,33+0,33+0,32+0,35+3,35+3,35+3,35+3,37+3,37+3,37+3,35+3,35+3,37+3,37+3,37+3,35+3,34+3,30+3,30+3,30+3,34+3
176580,https://sofifa.com/player/176580/luis-suarez/210002,L. Suárez,Luis Alberto Suárez Díaz,33,24/01/1987,182,86,Uruguay,FC Barcelona,Spain Primera Division,1,87,87,31500000,280000,ST,Right,5,4,3,High/Medium,PLAYER_BODY_TYPE_374,Yes,64600000,"#Distance Shooter, #Clinical Finisher",SUB,9,,11/07/2014,2021,,,70,90,82,83,51,83,,,,,,,"Solid Player, Outside Foot Shot",80,92,84,83,90,84,86,82,77,84,72,68,76,92,78,89,69,78,85,88,87,41,91,84,83,85,,45,38,27,25,31,33,37,86+1,86+1,86+1,84+0,85+0,85+0,85+0,84+0,84+3,84+3,84+3,83+3,80+3,80+3,80+3,83+3,67+3,68+3,68+3,68+3,67+3,64+3,63+3,63+3,63+3,64+3
177003,https://sofifa.com/player/177003/luka-modric/210002,L. Modrić,Luka Modrić,34,09/09/1985,172,66,Croatia,Real Madrid,Spain Primera Division,1,87,87,24500000,260000,CM,Right,4,4,4,High/Medium,Lean,Yes,50200000,"#Playmaker, #Crosser, #Acrobat, #Complete Midfielder",RCM,10,,01/08/2012,2021,,,73,76,89,88,71,66,,,,,,,"Long Shot Taker (AI), Playmaker (AI), Outside Foot Shot, Technical Dribbler (AI)",86,72,55,91,76,85,85,78,89,90,76,70,91,88,92,79,68,84,58,82,62,79,78,90,82,92,,75,71,13,9,7,14,9,76+3,76+3,76+3,83+0,82+0,82+0,82+0,83+0,85+2,85+2,85+2,84+3,86+1,86+1,86+1,84+3,81+3,81+3,81+3,81+3,81+3,78+3,71+3,71+3,71+3,78+3
183898,https://sofifa.com/player/183898/angel-di-maria/210002,A. Di María,Ángel Fabián Di María Hernández,32,14/02/1988,180,69,Argentina,Paris Saint-Germain,French Ligue 1,1,87,87,39000000,160000,"RW, LW",Left,4,2,5,High/Medium,PLAYER_BODY_TYPE_345,Yes,72200000,"#Dribbler, #Crosser, #FK Specialist, #Acrobat",RW,11,,06/08/2015,2021,,,83,81,85,88,48,68,,,,,,,"Flair, Long Shot Taker (AI), Outside Foot Shot, Chip Shot (AI), Technical Dribbler (AI)",88,79,51,83,78,88,89,88,80,87,82,83,94,84,76,83,72,78,60,86,73,42,84,88,73,86,,55,52,10,7,11,12,11,79+3,79+3,79+3,85+0,84+0,84+0,84+0,85+0,85+2,85+2,85+2,85+2,81+3,81+3,81+3,85+2,70+3,67+3,67+3,67+3,70+3,66+3,58+3,58+3,58+3,66+3
186153,https://sofifa.com/player/186153/wojciech-szczesny/210002,W. Szczęsny,Wojciech Szczęsny,30,18/04/1990,195,90,Poland,Juventus,Italian Serie A,1,87,87,34000000,105000,GK,Right,3,3,1,Medium/Medium,Lean,Yes,56100000,,GK,1,,19/07/2017,2024,GK,1,,,,,,,86,82,73,88,49,87,Comes For Crosses,12,12,16,32,14,11,16,14,36,22,51,47,55,82,51,55,71,45,65,14,40,15,14,48,18,65,,13,12,86,82,73,87,88,31+3,31+3,31+3,28+0,31+0,31+0,31+0,28+0,32+3,32+3,32+3,31+3,33+3,33+3,33+3,31+3,28+3,31+3,31+3,31+3,28+3,28+3,29+3,29+3,29+3,28+3
188567,https://sofifa.com/player/188567/pierre-emerick-aubameyang/210002,P. Aubameyang,Pierre-Emerick Aubameyang,31,18/06/1989,187,80,Gabon,Arsenal,English Premier League,1,87,87,45000000,170000,"ST, LW",Right,3,4,4,High/High,PLAYER_BODY_TYPE_253,Yes,85500000,#Speedster,LW,14,,31/01/2018,2021,,,93,86,75,80,38,69,,,,,,,"Solid Player, Finesse Shot, Speed Dribbler (AI), Outside Foot Shot, Chip Shot (AI)",76,91,75,77,84,80,81,76,64,82,91,94,77,88,68,82,75,80,74,78,43,48,93,77,78,88,,29,36,6,9,15,9,9,85+2,85+2,85+2,84+0,85+0,85+0,85+0,84+0,82+3,82+3,82+3,82+3,75+3,75+3,75+3,82+3,65+3,59+3,59+3,59+3,65+3,62+3,52+3,52+3,52+3,62+3
189511,https://sofifa.com/player/189511/sergio-busquets-burgos/210002,Sergio Busquets,Sergio Busquets i Burgos,31,16/07/1988,189,76,Spain,FC Barcelona,Spain Primera Division,1,87,87,38000000,240000,CDM,Right,4,3,3,Medium/Medium,Lean,Yes,77900000,,SUB,5,,01/09/2008,2023,SUB,5,42,62,80,80,83,77,,,,,,,Team Player,62,67,68,89,44,81,66,68,83,88,40,43,67,84,50,61,66,81,75,54,81,85,77,84,60,93,,83,80,5,8,13,9,13,71+3,71+3,71+3,73+0,75+0,75+0,75+0,73+0,78+3,78+3,78+3,75+3,83+3,83+3,83+3,75+3,77+3,84+3,84+3,84+3,77+3,76+3,80+3,80+3,80+3,76+3
192387,https://sofifa.com/player/192387/ciro-immobile/210002,C. Immobile,Ciro Immobile,30,20/02/1990,185,85,Italy,Lazio,Italian Serie A,1,87,87,48500000,125000,ST,Right,3,4,3,High/Medium,PLAYER_BODY_TYPE_305,Yes,82500000,#Clinical Finisher,RS,17,,27/07/2016,2025,ST,17,84,88,67,83,39,77,,,,,,,"Outside Foot Shot, Chip Shot (AI)",55,93,81,80,85,83,70,51,53,84,82,85,75,90,77,86,77,78,77,80,77,40,93,71,88,86,,33,32,6,8,15,12,6,86+1,86+1,86+1,82+0,85+0,85+0,85+0,82+0,82+3,82+3,82+3,79+3,73+3,73+3,73+3,79+3,61+3,60+3,60+3,60+3,61+3,59+3,56+3,56+3,56+3,59+3
193041,https://sofifa.com/player/193041/keylor-navas/210002,K. Navas,Keylor Navas Gamboa,33,15/12/1986,185,80,Costa Rica,Paris Saint-Germain,French Ligue 1,1,87,87,27000000,110000,GK,Right,3,3,1,Medium/Medium,Normal,Yes,50000000,,GK,1,,02/09/2019,2023,,,,,,,,,90,81,75,90,53,82,"GK Long Throw, Cautious With Crosses",11,15,11,30,11,16,11,15,37,19,54,53,60,84,61,56,74,39,75,13,32,20,16,68,25,67,,14,14,90,81,75,82,90,32+3,32+3,32+3,31+0,33+0,33+0,33+0,31+0,35+3,35+3,35+3,33+3,35+3,35+3,35+3,33+3,29+3,33+3,33+3,33+3,29+3,29+3,31+3,31+3,31+3,29+3
194765,https://sofifa.com/player/194765/antoine-griezmann/210002,A. Griezmann,Antoine Griezmann,29,21/03/1991,176,73,France,FC Barcelona,Spain Primera Division,1,87,87,50500000,290000,"ST, CF, LW",Left,4,3,4,Medium/Medium,PLAYER_BODY_TYPE_266,Yes,103500000,"#Poacher, #Dribbler, #Acrobat, #Clinical Finisher, #Complete Forward",ST,7,,12/07/2019,2024,CF,7,79,85,84,88,57,72,,,,,,,"Finesse Shot, Flair, Long Shot Taker (AI), Playmaker (AI), Outside Foot Shot, Chip Shot (AI), Technical Dribbler (AI)",83,88,83,84,87,87,86,85,82,89,80,79,91,92,83,81,90,86,63,82,73,49,89,85,86,89,,54,49,14,8,14,13,14,85+2,85+2,85+2,86+0,86+0,86+0,86+0,86+0,86+1,86+1,86+1,86+1,83+3,83+3,83+3,86+1,73+3,71+3,71+3,71+3,73+3,70+3,65+3,65+3,65+3,70+3
200104,https://sofifa.com/player/200104/heung-min-son/210002,H. Son,손흥민 孙兴慜,27,08/07/1992,183,78,Korea Republic,Tottenham Hotspur,English Premier League,1,87,87,52500000,165000,"LM, CF",Right,3,5,4,High/High,PLAYER_BODY_TYPE_366,Yes,99800000,"#Dribbler, #Engine, #Distance Shooter, #Acrobat, #Clinical Finisher, #Complete Forward",LM,7,,28/08/2015,2023,,,88,86,80,87,43,69,,,,,,,"Solid Player, Finesse Shot, Long Shot Taker (AI), Speed Dribbler (AI)",81,86,68,83,81,88,85,70,70,87,86,90,86,89,78,88,56,87,64,90,62,39,88,83,73,88,,34,33,11,13,13,6,10,84+3,84+3,84+3,86+0,87+0,87+0,87+0,86+0,86+1,86+1,86+1,85+2,79+3,79+3,79+3,85+2,68+3,63+3,63+3,63+3,68+3,64+3,54+3,54+3,54+3,64+3
201942,https://sofifa.com/player/201942/roberto-firmino-barbosa-de-oliveira/210002,Roberto Firmino,Roberto Firmino Barbosa de Oliveira,28,02/10/1991,181,76,Brazil,Liverpool,English Premier League,1,87,87,52000000,190000,CF,Right,3,4,5,High/High,PLAYER_BODY_TYPE_315,Yes,96200000,"#Dribbler, #Engine",CF,9,,06/07/2015,2023,,,77,80,81,90,61,78,,,,,,,"Flair, Playmaker (AI), Outside Foot Shot, Chip Shot (AI), Technical Dribbler (AI)",73,80,75,87,85,90,81,65,76,91,78,77,85,90,86,82,81,88,74,77,75,58,86,86,72,88,,64,42,8,11,9,6,10,83+3,83+3,83+3,84+0,85+0,85+0,85+0,84+0,86+1,86+1,86+1,84+3,83+3,83+3,83+3,84+3,73+3,74+3,74+3,74+3,73+3,70+3,68+3,68+3,68+3,70+3
201535,https://sofifa.com/player/201535/raphael-varane/210002,R. Varane,Raphaël Varane,27,25/04/1993,191,81,France,Real Madrid,Spain Primera Division,1,86,88,46500000,220000,CB,Right,3,3,2,Medium/High,PLAYER_BODY_TYPE_351,Yes,98800000,"#Tackling, #Tactician",RCB,5,,01/07/2011,2022,RCB,4,82,49,64,64,87,82,,,,,,,Dives Into Tackles (AI),42,46,85,78,42,55,46,52,77,79,79,85,62,86,39,52,81,75,86,53,80,87,52,59,43,83,,87,86,11,11,9,5,14,65+3,65+3,65+3,64+0,65+0,65+0,65+0,64+0,67+3,67+3,67+3,67+3,72+3,72+3,72+3,67+3,77+3,82+3,82+3,82+3,77+3,80+3,85+3,85+3,85+3,80+3
195864,https://sofifa.com/player/195864/paul-pogba/210002,P. Pogba,Paul Pogba,27,15/03/1993,191,84,France,Manchester United,English Premier League,1,86,87,50000000,190000,"CM, CDM",Right,4,4,5,High/Medium,PLAYER_BODY_TYPE_330,Yes,98800000,"#Dribbler, #Playmaker, #Strength, #Complete Midfielder",RDM,6,,09/08/2016,2021,,,73,81,86,85,66,85,,,,,,,"Flair, Long Passer (AI), Long Shot Taker (AI), Playmaker (AI), Outside Foot Shot, Technical Dribbler (AI)",80,75,75,86,84,87,85,82,91,90,66,79,73,81,66,90,82,83,89,82,78,64,81,88,83,87,,67,65,5,6,2,4,3,82+3,82+3,82+3,82+0,83+0,83+0,83+0,82+0,84+3,84+3,84+3,83+3,84+3,84+3,84+3,83+3,76+3,78+3,78+3,78+3,76+3,74+3,73+3,73+3,73+3,74+3
199556,https://sofifa.com/player/199556/marco-verratti/210002,M. Verratti,Marco Verratti,27,05/11/1992,165,60,Italy,Paris Saint-Germain,French Ligue 1,1,86,87,50000000,135000,"CM, CDM",Right,3,4,4,Medium/High,PLAYER_BODY_TYPE_346,Yes,96300000,"#Dribbler, #Playmaker, #Acrobat, #Complete Midfielder",LCM,6,,18/07/2012,2024,LCM,5,64,60,85,90,79,67,,,,,,,"Flair, Playmaker (AI), Outside Foot Shot",75,60,55,90,64,90,78,64,89,90,68,61,91,87,94,56,65,76,53,58,89,85,71,88,64,94,,82,83,12,12,15,15,10,69+3,69+3,69+3,79+0,78+0,78+0,78+0,79+0,82+3,82+3,82+3,81+3,85+2,85+2,85+2,81+3,81+3,84+3,84+3,84+3,81+3,79+3,77+3,77+3,77+3,79+3
143076,https://sofifa.com/player/143076/alejandro-gomez/210002,A. Gómez,Alejandro Darío Gómez,32,15/02/1988,167,68,Argentina,Atalanta,Italian Serie A,1,86,86,34500000,100000,"CAM, CF, ST",Right,3,4,4,High/Medium,Normal,No,58700000,"#Speedster, #Dribbler, #Playmaker, #Acrobat, #Complete Midfielder",LF,10,,02/09/2014,2022,,,90,79,84,88,39,55,,,,,,,"Long Shot Taker (AI), Outside Foot Shot, Technical Dribbler (AI)",83,80,38,86,72,87,82,79,77,86,94,86,93,86,94,76,70,73,44,82,56,40,82,87,72,85,,30,34,8,11,12,9,6,76+3,76+3,76+3,86+0,84+0,84+0,84+0,86+0,85+1,85+1,85+1,85+1,79+3,79+3,79+3,85+1,66+3,62+3,62+3,62+3,66+3,61+3,49+3,49+3,49+3,61+3
152729,https://sofifa.com/player/152729/gerard-pique-bernabeu/210002,Piqué,Gerard Piqué Bernabéu,33,02/02/1987,194,85,Spain,FC Barcelona,Spain Primera Division,1,86,86,21000000,220000,CB,Right,4,3,2,High/Medium,PLAYER_BODY_TYPE_265,Yes,43100000,"#Aerial Threat, #Tactician, #Strength",RCB,3,,01/07/2008,2022,,,57,61,71,67,86,80,,,,,,,Leadership,57,65,84,81,57,63,58,43,81,80,48,64,57,88,35,62,74,69,87,51,79,87,64,72,69,87,,86,84,10,11,14,15,8,70+3,70+3,70+3,67+0,70+0,70+0,70+0,67+0,71+3,71+3,71+3,69+3,76+3,76+3,76+3,69+3,76+3,83+3,83+3,83+3,76+3,78+3,84+2,84+2,84+2,78+3
168542,https://sofifa.com/player/168542/david-josue-jimenez-silva/210002,David Silva,David Josué Jiménez Silva,34,08/01/1986,173,67,Spain,Real Sociedad,Spain Primera Division,1,86,86,22500000,58000,"CAM, CM",Left,4,2,4,High/Medium,Normal,Yes,47300000,"#Dribbler, #Playmaker, #Complete Midfielder",CAM,21,,17/08/2020,2022,,,64,74,88,88,52,55,,,,,,,"Finesse Shot, Flair, Playmaker (AI), Outside Foot Shot, Team Player",84,72,53,92,82,86,82,77,84,91,68,61,85,87,87,72,64,70,46,73,56,50,86,91,75,92,,53,29,6,15,7,6,12,75+3,75+3,75+3,83+0,82+0,82+0,82+0,83+0,85+1,85+1,85+1,83+3,83+3,83+3,83+3,83+3,68+3,69+3,69+3,69+3,68+3,63+3,56+3,56+3,56+3,63+3
177683,https://sofifa.com/player/177683/yann-sommer/210002,Y. Sommer,Yann Sommer,31,17/12/1988,183,79,Switzerland,Borussia Mönchengladbach,German 1. Bundesliga,1,86,86,28500000,55000,GK,Right,3,4,1,Medium/Medium,Normal,Yes,48500000,,GK,1,,01/07/2014,2023,GK,1,,,,,,,80,86,85,85,51,87,Comes For Crosses,13,13,10,40,8,15,12,13,31,25,48,54,55,84,58,64,73,45,68,12,38,21,15,64,24,57,,19,12,80,86,85,87,85,33+3,33+3,33+3,32+0,34+0,34+0,34+0,32+0,36+3,36+3,36+3,34+3,37+3,37+3,37+3,34+3,31+3,34+3,34+3,34+3,31+3,30+3,29+3,29+3,29+3,30+3
178603,https://sofifa.com/player/178603/mats-hummels/210002,M. Hummels,Mats Hummels,31,16/12/1988,191,94,Germany,Borussia Dortmund,German 1. Bundesliga,1,86,86,33000000,93000,CB,Right,4,3,3,High/High,Normal,Yes,56100000,"#Tackling, #Tactician, #Strength, #Complete Defender",CB,15,,01/07/2019,2022,,,58,58,77,72,89,77,,,,,,,"Leadership, Long Passer (AI), Playmaker (AI), Power Header, Outside Foot Shot",65,55,87,82,60,69,66,53,86,81,46,67,63,87,60,71,68,65,86,51,71,91,56,80,68,89,,88,86,15,6,10,5,6,69+3,69+3,69+3,68+0,70+0,70+0,70+0,68+0,72+3,72+3,72+3,71+3,78+3,78+3,78+3,71+3,78+3,84+2,84+2,84+2,78+3,80+3,85+1,85+1,85+1,80+3
183711,https://sofifa.com/player/183711/jordan-henderson/210002,J. Henderson,Jordan Brian Henderson,30,17/06/1990,182,80,England,Liverpool,English Premier League,1,86,86,36500000,140000,"CDM, CM",Right,2,3,3,High/High,Normal,Yes,67500000,#Engine,RCM,14,,09/06/2011,2023,RCM,8,65,74,84,79,81,82,,,,,,,"Leadership, Early Crosser, Long Passer (AI), Team Player",82,73,65,86,71,78,80,74,87,84,66,65,69,86,68,77,78,91,78,75,84,85,78,83,64,82,,83,77,7,13,7,9,13,76+2,76+2,76+2,78+0,79+0,79+0,79+0,78+0,80+2,80+2,80+2,80+2,84+2,84+2,84+2,80+2,82+2,85+1,85+1,85+1,82+2,81+2,80+2,80+2,80+2,81+2
189332,https://sofifa.com/player/189332/jordi-alba-ramos/210002,Jordi Alba,Jordi Alba Ramos,31,21/03/1989,170,68,Spain,FC Barcelona,Spain Primera Division,1,86,86,32000000,220000,LB,Left,3,3,3,High/Medium,PLAYER_BODY_TYPE_268,Yes,65600000,#Acrobat,LB,18,,01/07/2012,2024,SUB,18,88,69,81,83,78,72,,,,,,,Speed Dribbler (AI),85,73,70,84,60,81,80,63,79,84,88,88,90,82,85,64,80,88,61,66,76,81,83,78,59,80,,80,82,13,15,13,6,13,76+3,76+3,76+3,82+0,80+0,80+0,80+0,82+0,81+3,81+3,81+3,83+3,81+3,81+3,81+3,83+3,83+3,80+3,80+3,80+3,83+3,82+3,77+3,77+3,77+3,82+3
189596,https://sofifa.com/player/189596/thomas-muller/210002,T. Müller,Thomas Müller,30,13/09/1989,186,75,Germany,FC Bayern München,German 1. Bundesliga,1,86,86,42000000,130000,"CAM, RM, RW",Right,4,4,3,High/High,Lean,Yes,69300000,#Engine,CAM,25,,10/08/2008,2023,,,68,82,82,78,56,71,,,,,,,"Solid Player, Leadership, Outside Foot Shot",85,85,81,84,84,75,81,59,78,82,68,68,73,94,71,78,77,86,66,81,62,58,94,85,60,84,,57,46,6,7,11,14,14,82+3,82+3,82+3,82+0,83+0,83+0,83+0,82+0,83+3,83+3,83+3,82+3,81+3,81+3,81+3,82+3,71+3,70+3,70+3,70+3,71+3,69+3,63+3,63+3,63+3,69+3
193080,https://sofifa.com/player/193080/david-de-gea-quintana/210002,De Gea,David De Gea Quintana,29,07/11/1990,192,82,Spain,Manchester United,English Premier League,1,86,86,31500000,150000,GK,Right,4,3,1,Medium/Medium,PLAYER_BODY_TYPE_329,Yes,59900000,,GK,1,,01/07/2011,2023,GK,1,,,,,,,88,81,78,89,58,82,"Solid Player, GK Long Throw, Cautious With Crosses, Saves with Feet",17,13,21,50,13,18,21,19,47,38,57,58,63,83,43,59,67,43,60,12,38,30,12,61,29,65,,21,13,88,81,78,82,89,35+3,35+3,35+3,36+0,38+0,38+0,38+0,36+0,41+3,41+3,41+3,39+3,42+3,42+3,42+3,39+3,36+3,40+3,40+3,40+3,36+3,35+3,34+3,34+3,34+3,35+3
204963,https://sofifa.com/player/204963/daniel-carvajal-ramos/210002,Carvajal,Daniel Carvajal Ramos,28,11/01/1992,173,73,Spain,Real Madrid,Spain Primera Division,1,86,86,38000000,230000,RB,Right,3,3,3,High/High,PLAYER_BODY_TYPE_355,Yes,77900000,#Engine,RB,2,,05/07/2013,2022,SUB,2,80,54,78,80,82,80,,,,,,,,84,51,72,83,49,78,76,47,74,84,79,80,79,84,81,68,77,89,74,47,84,83,75,74,45,82,,83,85,13,13,15,9,15,71+3,71+3,71+3,76+0,75+0,75+0,75+0,76+0,76+3,76+3,76+3,79+3,78+3,78+3,78+3,79+3,84+2,82+3,82+3,82+3,84+2,83+3,81+3,81+3,81+3,83+3
208830,https://sofifa.com/player/208830/jamie-vardy/210002,J. Vardy,Jamie Vardy,33,11/01/1987,179,74,England,Leicester City,English Premier League,1,86,86,28000000,160000,ST,Right,3,3,3,High/High,PLAYER_BODY_TYPE_306,Yes,53200000,,ST,9,,01/05/2012,2023,,,88,85,66,78,55,75,,,,,,,"Dives Into Tackles (AI), Team Player",68,92,79,69,82,77,67,57,48,81,90,87,72,90,75,87,79,79,68,65,87,49,92,73,84,87,,50,53,15,14,7,15,11,84+2,84+2,84+2,80+0,83+0,83+0,83+0,80+0,78+3,78+3,78+3,79+3,71+3,71+3,71+3,79+3,68+3,64+3,64+3,64+3,68+3,67+3,64+3,64+3,64+3,67+3
235790,https://sofifa.com/player/235790/kai-havertz/210002,K. Havertz,Kai Havertz,21,11/06/1999,188,83,Germany,Chelsea,English Premier League,1,85,93,57000000,105000,"CAM, RM, CF",Left,3,4,4,Medium/Medium,PLAYER_BODY_TYPE_270,Yes,119700000,#Poacher,RM,29,,04/09/2020,2025,SUB,27,84,81,79,85,45,67,,,,,,,"Finesse Shot, Playmaker (AI), Outside Foot Shot, Chip Shot (AI), Technical Dribbler (AI)",73,85,78,84,80,86,84,53,78,87,78,88,78,85,74,74,75,82,69,78,42,38,84,82,73,84,,46,38,6,8,11,10,12,82+3,82+3,82+3,83+0,84+0,84+0,84+0,83+0,84+3,84+3,84+3,83+3,79+3,79+3,79+3,83+3,66+3,64+3,64+3,64+3,66+3,63+3,56+3,56+3,56+3,63+3
230621,https://sofifa.com/player/230621/gianluigi-donnarumma/210002,G. Donnarumma,Gianluigi Donnarumma,21,25/02/1999,196,90,Italy,Milan,Italian Serie A,1,85,92,41500000,34000,GK,Right,3,3,1,Medium/Medium,PLAYER_BODY_TYPE_333,Yes,78900000,,GK,99,,01/07/2015,2021,GK,21,,,,,,,89,81,76,89,50,83,"Rushes Out Of Goal, Comes For Crosses",12,12,12,34,8,28,12,14,24,28,46,54,64,79,38,57,72,34,72,18,30,26,14,50,24,68,,14,16,89,81,76,83,89,33+3,33+3,33+3,33+0,34+0,34+0,34+0,33+0,35+3,35+3,35+3,33+3,33+3,33+3,33+3,33+3,30+3,32+3,32+3,32+3,30+3,30+3,31+3,31+3,31+3,30+3
235243,https://sofifa.com/player/235243/matthijs-de-ligt/210002,M. de Ligt,Matthijs de Ligt,20,12/08/1999,189,89,Netherlands,Juventus,Italian Serie A,1,85,92,49500000,80000,CB,Right,3,4,2,Medium/High,Normal,Yes,91600000,#Strength,SUB,4,,18/07/2019,2024,SUB,3,72,59,66,69,85,84,,,,,,,"Solid Player, Power Header",52,50,86,75,45,66,48,55,74,76,68,75,56,84,60,82,84,76,88,66,83,83,44,63,40,82,,85,82,12,11,11,12,10,68+3,68+3,68+3,65+0,67+0,67+0,67+0,65+0,67+3,67+3,67+3,67+3,72+3,72+3,72+3,67+3,76+3,80+3,80+3,80+3,76+3,78+3,84+3,84+3,84+3,78+3
231677,https://sofifa.com/player/231677/marcus-rashford/210002,M. Rashford,Marcus Rashford,22,31/10/1997,186,70,England,Manchester United,English Premier League,1,85,91,53000000,150000,"LM, ST",Right,2,4,5,High/Medium,PLAYER_BODY_TYPE_327,Yes,111300000,"#Speedster, #Dribbler, #Acrobat",LM,10,,01/07/2014,2023,SUB,10,91,83,78,86,45,78,,,,,,,"Power Free-Kick, Flair, Long Shot Taker (AI), Speed Dribbler (AI), Team Player, Technical Dribbler (AI)",77,83,68,81,73,87,82,76,69,85,89,93,86,86,75,90,72,87,76,81,73,42,82,82,81,82,,40,33,11,6,15,7,14,83+2,83+2,83+2,84+0,85+0,85+0,85+0,84+0,83+2,83+2,83+2,84+2,77+2,77+2,77+2,84+2,68+2,65+2,65+2,65+2,68+2,64+2,57+2,57+2,57+2,64+2
222492,https://sofifa.com/player/222492/leroy-sane/210002,L. Sané,Leroy Sané,24,11/01/1996,183,75,Germany,FC Bayern München,German 1. Bundesliga,1,85,90,51500000,100000,LM,Left,2,3,4,High/Medium,PLAYER_BODY_TYPE_323,Yes,88800000,"#Speedster, #Dribbler",LM,10,,15/07/2020,2025,LW,19,93,81,79,86,38,67,,,,,,,"Power Free-Kick, Flair, Speed Dribbler (AI)",83,81,72,81,85,88,83,82,64,85,91,95,84,79,78,87,64,70,69,78,61,34,84,82,71,80,,32,35,8,12,9,9,14,82+2,82+2,82+2,85+0,84+0,84+0,84+0,85+0,83+2,83+2,83+2,83+2,74+2,74+2,74+2,83+2,64+2,59+2,59+2,59+2,64+2,60+2,52+2,52+2,52+2,60+2
228702,https://sofifa.com/player/228702/frenkie-de-jong/210002,F. de Jong,Frenkie de Jong,23,12/05/1997,180,74,Netherlands,FC Barcelona,Spain Primera Division,1,85,90,50500000,190000,CM,Right,3,3,4,Medium/High,PLAYER_BODY_TYPE_264,Yes,107300000,"#Dribbler, #Playmaker, #Complete Midfielder",LCM,21,,01/07/2019,2024,LDM,21,80,64,84,87,76,77,,,,,,,"Flair, Playmaker (AI), Outside Foot Shot, Technical Dribbler (AI)",75,63,66,90,69,87,84,64,86,88,80,80,83,88,79,68,76,90,74,61,70,82,73,86,45,90,,76,77,7,13,10,10,9,75+3,75+3,75+3,81+0,80+0,80+0,80+0,81+0,83+3,83+3,83+3,83+3,84+3,84+3,84+3,83+3,82+3,83+3,83+3,83+3,82+3,81+3,77+3,77+3,77+3,81+3
207865,https://sofifa.com/player/207865/marcos-aoas-correa/210002,Marquinhos,Marcos Aoás Corrêa,26,14/05/1994,183,75,Brazil,Paris Saint-Germain,French Ligue 1,1,85,89,44000000,115000,"CB, CDM",Right,3,3,3,Medium/High,Normal,Yes,84700000,"#Tackling, #Tactician",RCB,5,,19/07/2013,2024,,,72,41,73,70,87,78,,,,,,,"Long Throw-in, Leadership",68,33,84,82,31,64,55,32,82,79,70,73,69,85,67,61,89,80,75,35,80,86,59,68,47,86,,87,87,6,6,12,10,13,63+3,63+3,63+3,66+0,66+0,66+0,66+0,66+0,68+3,68+3,68+3,70+3,75+3,75+3,75+3,70+3,80+3,83+3,83+3,83+3,80+3,82+3,84+3,84+3,84+3,82+3
220440,https://sofifa.com/player/220440/clement-lenglet/210002,C. Lenglet,Clément Nicolas Laurent Lenglet,25,17/06/1995,186,81,France,FC Barcelona,Spain Primera Division,1,85,89,44500000,190000,CB,Left,2,4,2,Medium/High,PLAYER_BODY_TYPE_263,Yes,94600000,#Tactician,LCB,15,,12/07/2018,2023,LCB,5,74,45,67,65,87,81,,,,,,,Power Header,55,39,83,78,37,57,59,31,74,76,76,72,61,84,60,58,85,75,83,46,80,87,54,66,49,82,,86,81,10,10,9,12,7,63+2,63+2,63+2,64+0,64+0,64+0,64+0,64+0,66+2,66+2,66+2,67+2,72+2,72+2,72+2,67+2,77+2,81+2,81+2,81+2,77+2,79+2,84+2,84+2,84+2,79+2
223848,https://sofifa.com/player/223848/sergej-milinkovic-savic/210002,S. Milinković-Savić,Sergej Milinković-Savić,25,27/02/1995,191,76,Serbia,Lazio,Italian Serie A,1,85,89,49000000,94000,"CM, CDM, CAM",Right,2,4,4,High/Medium,Normal,Yes,87000000,,RCM,21,,06/08/2015,2023,,,69,79,80,83,79,85,,,,,,,"Flair, Power Header, Outside Foot Shot, Technical Dribbler (AI)",64,80,86,85,74,86,78,75,85,88,66,72,64,83,63,83,85,85,88,80,79,78,79,85,56,84,,79,74,7,10,7,16,7,82+2,82+2,82+2,80+0,82+0,82+0,82+0,80+0,83+2,83+2,83+2,80+2,84+2,84+2,84+2,80+2,78+2,82+2,82+2,82+2,78+2,78+2,81+2,81+2,81+2,78+2
232363,https://sofifa.com/player/232363/milan-skriniar/210002,M. Škriniar,Milan Škriniar,25,11/02/1995,188,80,Slovakia,Inter,Italian Serie A,1,85,89,44500000,130000,CB,Right,1,4,2,Medium/High,PLAYER_BODY_TYPE_303,Yes,76800000,#Tactician,LCB,37,,07/07/2017,2023,,,69,41,59,66,87,81,,,,,,,,40,42,82,73,40,67,34,30,69,69,70,68,48,83,51,50,78,73,84,30,86,86,30,57,56,81,,87,83,10,13,12,8,12,59+2,59+2,59+2,58+0,59+0,59+0,59+0,58+0,61+2,61+2,61+2,62+2,67+2,67+2,67+2,62+2,74+2,79+2,79+2,79+2,74+2,76+2,84+2,84+2,84+2,76+2
202556,https://sofifa.com/player/202556/memphis-depay/210002,M. Depay,Memphis Depay,26,13/02/1994,176,78,Netherlands,Olympique Lyonnais,French Ligue 1,1,85,88,48500000,115000,"CF, LW, CAM",Right,3,3,5,High/Low,Stocky,Yes,95800000,#FK Specialist,RS,11,,20/01/2017,2021,ST,10,86,83,81,84,32,80,,,,,,,"Leadership, Flair, Long Shot Taker (AI), Playmaker (AI), Outside Foot Shot, Technical Dribbler (AI)",83,83,65,81,74,85,85,86,74,84,85,87,80,82,79,87,76,81,81,83,75,28,84,84,73,78,,31,20,8,14,6,12,10,82+3,82+3,82+3,84+0,84+0,84+0,84+0,84+0,83+3,83+3,83+3,83+3,76+3,76+3,76+3,83+3,62+3,59+3,59+3,59+3,62+3,57+3,50+3,50+3,50+3,57+3
212188,https://sofifa.com/player/212188/timo-werner/210002,T. Werner,Timo Werner,24,06/03/1996,180,76,Germany,Chelsea,English Premier League,1,85,88,49500000,135000,ST,Right,3,4,3,High/Medium,PLAYER_BODY_TYPE_348,Yes,97800000,#Speedster,ST,11,,01/07/2020,2025,ST,9,91,85,69,84,35,71,,,,,,,Speed Dribbler (AI),69,88,78,78,86,84,70,58,55,85,93,89,83,87,76,85,75,83,67,78,63,37,88,65,78,82,,20,19,9,9,8,15,9,84+3,84+3,84+3,83+0,84+0,84+0,84+0,83+0,80+3,80+3,80+3,81+3,72+3,72+3,72+3,81+3,61+3,56+3,56+3,56+3,61+3,58+3,50+3,50+3,50+3,58+3
231866,https://sofifa.com/player/231866/rodrigo-hernandez-cascante/210002,Rodri,Rodrigo Hernández Cascante,24,22/06/1996,191,82,Spain,Manchester City,English Premier League,1,85,88,44000000,145000,"CDM, CM",Right,2,4,3,Medium/High,Normal,Yes,84700000,,CDM,16,,04/07/2019,2024,CDM,16,65,68,77,77,82,79,,,,,,,,63,64,75,85,59,76,65,54,82,82,66,65,68,82,69,74,69,84,79,76,76,83,75,82,46,85,,84,78,10,10,7,14,8,74+2,74+2,74+2,74+0,76+0,76+0,76+0,74+0,78+2,78+2,78+2,76+2,81+2,81+2,81+2,76+2,78+2,82+2,82+2,82+2,78+2,78+2,80+2,80+2,80+2,78+2
192563,https://sofifa.com/player/192563/bernd-leno/210002,B. Leno,Bernd Leno,28,04/03/1992,190,82,Germany,Arsenal,English Premier League,1,85,87,33500000,105000,GK,Right,3,3,1,Medium/Medium,Normal,Yes,66200000,,GK,1,,01/07/2018,2023,SUB,12,,,,,,,85,83,80,86,56,84,Rushes Out Of Goal,9,9,13,50,10,16,9,8,48,35,55,56,52,81,44,60,73,43,70,14,28,25,7,56,23,66,,15,18,85,83,80,84,86,33+3,33+3,33+3,33+0,35+0,35+0,35+0,33+0,38+3,38+3,38+3,36+3,40+3,40+3,40+3,36+3,34+3,39+3,39+3,39+3,34+3,33+3,33+3,33+3,33+3,33+3
206113,https://sofifa.com/player/206113/serge-gnabry/210002,S. Gnabry,Serge Gnabry,24,14/07/1995,175,75,Germany,FC Bayern München,German 1. Bundesliga,1,85,87,47500000,100000,"RM, LM, RW",Right,3,4,4,High/Medium,PLAYER_BODY_TYPE_272,Yes,81900000,"#Dribbler, #Acrobat",RM,7,,01/07/2017,2023,RW,20,82,83,78,86,43,70,,,,,,,"Injury Prone, Flair, Long Shot Taker (AI), Speed Dribbler (AI), Technical Dribbler (AI)",79,85,42,79,83,87,74,62,74,83,90,76,86,85,88,86,65,78,69,81,63,38,85,83,68,80,,44,43,14,10,10,9,7,79+3,79+3,79+3,84+0,83+0,83+0,83+0,84+0,83+3,83+3,83+3,83+3,77+3,77+3,77+3,83+3,66+3,63+3,63+3,63+3,66+3,62+3,54+3,54+3,54+3,62+3
210243,https://sofifa.com/player/210243/ricardo-barbosa-pereira/210002,Ricardo Pereira,Ricardo Domingos Barbosa Pereira,26,06/10/1993,175,70,Portugal,Leicester City,English Premier League,1,85,87,40500000,120000,RB,Right,3,4,3,High/High,PLAYER_BODY_TYPE_307,Yes,80000000,#Engine,SUB,21,,09/06/2018,2023,RB,15,83,66,79,82,81,76,,,,,,,"Early Crosser, Speed Dribbler (AI)",82,63,65,83,59,82,78,52,78,82,84,83,79,85,79,74,75,88,69,64,79,81,75,77,61,81,,84,83,16,12,15,11,11,74+3,74+3,74+3,79+0,78+0,78+0,78+0,79+0,79+3,79+3,79+3,81+3,80+3,80+3,80+3,81+3,83+3,82+3,82+3,82+3,83+3,83+3,79+3,79+3,79+3,83+3
192505,https://sofifa.com/player/192505/romelu-lukaku/210002,R. Lukaku,Romelu Lukaku Menama,27,13/05/1993,191,94,Belgium,Inter,Italian Serie A,1,85,86,45000000,165000,ST,Left,3,4,3,Medium/Medium,PLAYER_BODY_TYPE_301,Yes,77600000,"#Poacher, #Strength, #Complete Forward",RS,9,,08/08/2019,2024,ST,9,81,83,76,75,38,84,,,,,,,"Speed Dribbler (AI), Power Header",73,86,85,79,77,78,78,66,71,78,77,84,60,86,46,87,71,73,95,74,71,27,86,78,78,83,,41,30,8,15,14,7,10,84+2,84+2,84+2,79+0,81+0,81+0,81+0,79+0,79+3,79+3,79+3,79+3,74+3,74+3,74+3,79+3,60+3,60+3,60+3,60+3,60+3,58+3,56+3,56+3,56+3,58+3
198706,https://sofifa.com/player/198706/luis-alberto-romero-alconchel/210002,Luis Alberto,Luis Alberto Romero Alconchel,27,28/09/1992,183,74,Spain,Lazio,Italian Serie A,1,85,86,44000000,99000,"CAM, CM, CF",Right,2,3,4,Medium/Medium,Lean,Yes,78100000,#Playmaker,LCM,10,,31/08/2016,2022,,,74,76,86,85,58,59,,,,,,,"Finesse Shot, Flair, Long Passer (AI), Long Shot Taker (AI), Playmaker (AI), Technical Dribbler (AI)",76,77,49,90,76,86,86,81,89,88,76,72,81,80,74,77,53,75,64,76,29,55,80,88,56,78,,68,45,6,8,6,12,11,76+2,76+2,76+2,82+0,82+0,82+0,82+0,82+0,84+2,84+2,84+2,82+2,83+2,83+2,83+2,82+2,71+2,71+2,71+2,71+2,71+2,68+2,60+2,60+2,60+2,68+2
201399,https://sofifa.com/player/201399/mauro-icardi/210002,M. Icardi,Mauro Emanuel Icardi Rivero,27,19/02/1993,181,75,Argentina,Paris Saint-Germain,French Ligue 1,1,85,86,45000000,135000,ST,Right,3,4,3,Medium/Medium,PLAYER_BODY_TYPE_347,Yes,86600000,#Poacher,RS,9,,08/06/2020,2024,,,73,85,65,78,36,68,,,,,,,"Solid Player, Power Header, Outside Foot Shot",47,90,88,76,85,76,76,48,54,82,74,73,73,86,75,85,93,66,72,71,56,22,92,72,82,83,,24,20,13,9,5,7,9,84+2,84+2,84+2,77+0,81+0,81+0,81+0,77+0,78+3,78+3,78+3,75+3,69+3,69+3,69+3,75+3,54+3,54+3,54+3,54+3,54+3,51+3,51+3,51+3,51+3,51+3
208670,https://sofifa.com/player/208670/hakim-ziyech/210002,H. Ziyech,Hakim Ziyech,27,19/03/1993,181,65,Morocco,Chelsea,English Premier League,1,85,86,44000000,140000,"CAM, RW",Left,3,2,5,High/High,PLAYER_BODY_TYPE_250,Yes,86900000,"#Playmaker, #Crosser, #Complete Midfielder",SUB,22,,01/07/2020,2025,,,80,76,87,84,50,66,,,,,,,"Flair, Long Shot Taker (AI), Playmaker (AI), Outside Foot Shot, Technical Dribbler (AI)",88,73,53,86,74,83,90,78,89,85,83,77,85,84,78,83,37,80,59,77,73,52,82,89,67,79,,56,40,11,7,11,8,14,77+3,77+3,77+3,83+0,82+0,82+0,82+0,83+0,84+2,84+2,84+2,84+2,82+3,82+3,82+3,84+2,70+3,70+3,70+3,70+3,70+3,66+3,57+3,57+3,57+3,66+3
164240,https://sofifa.com/player/164240/thiago-emiliano-da-silva/210002,Thiago Silva,Thiago Emiliano da Silva,35,22/09/1984,183,79,Brazil,Chelsea,English Premier League,1,85,85,11500000,93000,CB,Right,4,3,2,Medium/High,Normal,Yes,21900000,#Tactician,SUB,6,,28/08/2020,2021,,,59,54,72,71,86,78,,,,,,,Power Header,60,40,81,80,61,67,62,61,80,79,57,61,67,81,66,71,90,71,82,65,76,88,59,70,60,86,,86,84,9,12,5,9,10,66+3,66+3,66+3,66+0,67+0,67+0,67+0,66+0,70+3,70+3,70+3,68+3,75+3,75+3,75+3,68+3,76+3,82+3,82+3,82+3,76+3,78+3,83+2,83+2,83+2,78+3
175943,https://sofifa.com/player/175943/dries-mertens/210002,D. Mertens,Dries Mertens,33,06/05/1987,169,61,Belgium,Napoli,Italian Serie A,1,85,85,24000000,115000,"CF, ST",Right,3,4,4,High/Low,PLAYER_BODY_TYPE_335,Yes,40800000,"#Dribbler, #Acrobat",ST,14,,01/07/2013,2022,RF,14,86,82,80,89,35,51,,,,,,,"Finesse Shot, Flair, Long Shot Taker (AI), Outside Foot Shot, Technical Dribbler (AI)",79,84,40,82,70,88,82,79,74,89,90,82,94,86,92,80,58,70,37,81,59,36,85,83,79,81,,40,40,7,10,8,10,4,78+3,78+3,78+3,85+0,84+0,84+0,84+0,85+0,85+0,85+0,85+0,84+1,78+3,78+3,78+3,84+1,64+3,60+3,60+3,60+3,64+3,60+3,46+3,46+3,46+3,60+3
180206,https://sofifa.com/player/180206/miralem-pjanic/210002,M. Pjanić,Miralem Pjanić,30,02/04/1990,178,72,Bosnia Herzegovina,FC Barcelona,Spain Primera Division,1,85,85,35500000,220000,"CM, CDM",Right,3,4,3,Medium/Medium,Normal,Yes,72800000,"#Dribbler, #Playmaker, #FK Specialist, #Complete Midfielder",RCM,8,,24/08/2020,2024,,,67,68,87,85,75,67,,,,,,,"Finesse Shot, Playmaker (AI), Outside Foot Shot, Technical Dribbler (AI)",81,56,60,90,72,86,86,92,87,89,68,66,75,84,81,78,59,81,59,82,70,78,68,88,79,86,,76,70,7,7,13,7,8,72+3,72+3,72+3,79+0,78+0,78+0,78+0,79+0,82+3,82+3,82+3,80+3,84+1,84+1,84+1,80+3,79+3,81+3,81+3,81+3,79+3,77+3,73+3,73+3,73+3,77+3
181291,https://sofifa.com/player/181291/georginio-wijnaldum/210002,G. Wijnaldum,Georginio Wijnaldum,29,11/11/1990,175,69,Netherlands,Liverpool,English Premier League,1,85,85,37000000,150000,CM,Right,3,4,4,High/High,PLAYER_BODY_TYPE_308,Yes,68500000,#Engine,LCM,5,,22/07/2016,2021,CAM,8,76,75,81,86,78,79,,,,,,,Flair,72,75,78,88,73,85,78,73,81,88,77,76,84,86,88,78,81,93,74,73,75,79,79,79,74,86,,79,69,16,6,14,12,6,80+3,80+3,80+3,81+0,82+0,82+0,82+0,81+0,83+2,83+2,83+2,82+3,84+1,84+1,84+1,82+3,81+3,82+3,82+3,82+3,81+3,79+3,78+3,78+3,78+3,79+3
182493,https://sofifa.com/player/182493/diego-godin/210002,D. Godín,Diego Roberto Godín Leal,34,16/02/1986,187,78,Uruguay,Inter,Italian Serie A,1,85,85,14500000,135000,CB,Right,3,3,2,Medium/High,Lean,Yes,23900000,,RCB,2,,01/07/2019,2022,,,57,48,64,61,87,79,,,,,,,"Dives Into Tackles (AI), Power Header",52,42,85,79,47,53,49,49,70,74,59,55,57,74,53,67,89,62,85,43,85,87,48,52,50,80,,86,84,6,8,15,5,15,62+3,62+3,62+3,58+0,60+0,60+0,60+0,58+0,61+3,61+3,61+3,61+3,67+3,67+3,67+3,61+3,73+3,79+3,79+3,79+3,73+3,75+3,84+1,84+1,84+1,75+3
184087,https://sofifa.com/player/184087/toby-alderweireld/210002,T. Alderweireld,Toby Alderweireld,31,02/03/1989,186,81,Belgium,Tottenham Hotspur,English Premier League,1,85,85,28500000,130000,CB,Right,3,3,2,Medium/Medium,Normal,Yes,54200000,#Tackling,RCB,4,,08/07/2015,2023,RCB,2,63,55,72,67,87,79,,,,,,,Long Passer (AI),64,45,82,79,38,62,63,69,82,75,60,65,59,85,62,78,82,78,79,58,81,85,52,62,58,86,,89,85,16,6,14,16,14,66+3,66+3,66+3,64+0,65+0,65+0,65+0,64+0,67+3,67+3,67+3,67+3,74+3,74+3,74+3,67+3,78+3,82+3,82+3,82+3,78+3,79+3,84+1,84+1,84+1,79+3
184344,https://sofifa.com/player/184344/leonardo-bonucci/210002,L. Bonucci,Leonardo Bonucci,33,01/05/1987,190,85,Italy,Juventus,Italian Serie A,1,85,85,18000000,110000,CB,Right,3,4,2,Medium/High,Lean,Yes,29700000,#Tactician,CB,19,,02/08/2018,2024,RCB,19,60,58,69,70,87,77,,,,,,,"Power Free-Kick, Solid Player, Long Passer (AI), Power Header",44,48,84,77,58,69,56,61,84,75,58,62,60,84,55,74,85,66,79,65,82,90,38,74,70,86,,86,80,2,2,3,2,4,65+3,65+3,65+3,63+0,66+0,66+0,66+0,63+0,68+3,68+3,68+3,65+3,74+3,74+3,74+3,65+3,74+3,82+3,82+3,82+3,74+3,76+3,84+1,84+1,84+1,76+3
185122,https://sofifa.com/player/185122/peter-gulacsi/210002,P. Gulácsi,Péter Gulácsi,30,06/05/1990,191,86,Hungary,RB Leipzig,German 1. Bundesliga,1,85,85,26000000,65000,GK,Right,2,2,1,Medium/Medium,Normal,Yes,44200000,,GK,1,,01/07/2015,2023,GK,1,,,,,,,84,85,82,86,43,84,,16,10,23,35,10,19,18,11,31,25,42,44,41,82,42,62,67,35,74,12,34,23,11,42,24,45,,16,20,84,85,82,84,86,32+2,32+2,32+2,29+0,31+0,31+0,31+0,29+0,31+2,31+2,31+2,31+2,32+2,32+2,32+2,31+2,31+2,33+2,33+2,33+2,31+2,30+2,33+2,33+2,33+2,30+2
188350,https://sofifa.com/player/188350/marco-reus/210002,M. Reus,Marco Reus,31,31/05/1989,180,71,Germany,Borussia Dortmund,German 1. Bundesliga,1,85,85,34000000,94000,"CAM, CF",Right,4,4,4,High/Medium,PLAYER_BODY_TYPE_279,Yes,57800000,"#FK Specialist, #Clinical Finisher",RCM,11,,01/07/2012,2023,,,80,86,84,85,45,63,,,,,,,"Injury Prone, Leadership, Finesse Shot, Long Shot Taker (AI), Speed Dribbler (AI), Playmaker (AI), Outside Foot Shot",85,86,44,85,89,85,88,86,76,87,82,78,83,85,82,87,70,67,66,83,51,48,86,84,91,85,,37,45,12,12,13,13,11,80+3,80+3,80+3,85+0,84+0,84+0,84+0,85+0,84+1,84+1,84+1,83+2,79+3,79+3,79+3,83+2,68+3,65+3,65+3,65+3,68+3,63+3,54+3,54+3,54+3,63+3
188377,https://sofifa.com/player/188377/kyle-walker/210002,K. Walker,Kyle Walker,30,28/05/1990,183,70,England,Manchester City,English Premier League,1,85,85,30500000,170000,RB,Right,3,2,3,High/High,PLAYER_BODY_TYPE_317,Yes,56400000,"#Speedster, #Engine",RB,2,,14/07/2017,2024,,,92,63,76,77,80,82,,,,,,,"Long Throw-in, Speed Dribbler (AI)",81,51,74,78,57,79,76,71,76,79,90,94,66,84,69,86,83,89,79,69,78,80,68,69,63,75,,83,82,12,6,16,15,8,74+3,74+3,74+3,76+0,75+0,75+0,75+0,76+0,75+3,75+3,75+3,78+3,77+3,77+3,77+3,78+3,83+2,80+3,80+3,80+3,83+2,83+2,80+3,80+3,80+3,83+2
189509,https://sofifa.com/player/189509/thiago-alcantara/210002,Thiago,Thiago Alcântara do Nascimento,29,11/04/1991,174,70,Spain,Liverpool,English Premier League,1,85,85,37000000,150000,"CM, CDM",Right,3,3,5,Medium/Medium,Normal,Yes,68500000,"#Dribbler, #Acrobat",SUB,6,,18/09/2020,2024,RCM,10,64,72,85,90,70,62,,,,,,,"Injury Prone, Dives Into Tackles (AI), Flair, Outside Foot Shot, Technical Dribbler (AI)",78,68,54,89,84,90,85,77,89,91,74,55,91,85,90,75,75,73,59,73,54,83,75,85,75,86,,71,68,6,11,7,9,13,74+3,74+3,74+3,81+0,80+0,80+0,80+0,81+0,84+1,84+1,84+1,81+3,84+1,84+1,84+1,81+3,77+3,79+3,79+3,79+3,77+3,75+3,70+3,70+3,70+3,75+3
189513,https://sofifa.com/player/189513/daniel-parejo-munoz/210002,Parejo,Daniel Parejo Muñoz,31,16/04/1989,182,74,Spain,Villarreal CF,Spain Primera Division,1,85,85,33000000,59000,CM,Right,2,4,3,Medium/Medium,Lean,Yes,69300000,"#Playmaker, #Crosser, #FK Specialist, #Complete Midfielder",RCM,5,,12/08/2020,2024,,,50,83,90,81,71,69,,,,,,,"Long Passer (AI), Playmaker (AI), Team Player",86,83,61,92,72,82,88,93,90,86,52,49,63,80,72,81,49,78,70,88,58,81,82,89,88,85,,70,69,5,9,12,14,8,77+2,77+2,77+2,80+0,81+0,81+0,81+0,80+0,83+2,83+2,83+2,81+2,85+0,85+0,85+0,81+2,77+2,80+2,80+2,80+2,77+2,74+2,71+2,71+2,71+2,74+2
190460,https://sofifa.com/player/190460/christian-eriksen/210002,C. Eriksen,Christian Dannemann Eriksen,28,14/02/1992,181,76,Denmark,Inter,Italian Serie A,1,85,85,39000000,155000,"CAM, CM, RM",Right,3,5,4,High/High,PLAYER_BODY_TYPE_299,Yes,64400000,"#Playmaker, #Engine, #Crosser, #Complete Midfielder",CAM,24,,28/01/2020,2024,CAM,10,72,81,88,81,53,63,,,,,,,"Flair, Long Shot Taker (AI), Playmaker (AI)",86,77,52,90,80,77,89,85,87,90,74,70,77,84,80,84,49,92,56,89,46,56,82,90,67,86,,57,22,9,14,7,7,6,77+3,77+3,77+3,82+0,82+0,82+0,82+0,82+0,84+1,84+1,84+1,83+2,84+1,84+1,84+1,83+2,71+3,71+3,71+3,71+3,71+3,66+3,57+3,57+3,57+3,66+3
191043,https://sofifa.com/player/191043/alex-sandro-lobo-silva/210002,Alex Sandro,Alex Sandro Lobo Silva,29,26/01/1991,180,80,Brazil,Juventus,Italian Serie A,1,85,85,31500000,120000,"LB, LM",Left,3,3,3,High/Medium,PLAYER_BODY_TYPE_341,Yes,52000000,,SUB,12,,21/08/2015,2023,,,81,65,77,80,81,81,,,,,,,Speed Dribbler (AI),84,55,76,81,68,80,78,59,71,81,78,83,78,84,77,80,79,90,77,72,82,82,70,70,60,80,,81,82,7,7,9,12,5,74+3,74+3,74+3,77+0,75+0,75+0,75+0,77+0,76+3,76+3,76+3,78+3,77+3,77+3,77+3,78+3,83+2,80+3,80+3,80+3,83+2,82+3,80+3,80+3,80+3,82+3
193747,https://sofifa.com/player/193747/jorge-resurreccion/210002,Koke,Jorge Resurrección Merodio,28,08/01/1992,176,77,Spain,Atlético Madrid,Spain Primera Division,1,85,85,38000000,92000,"CM, RM, LM",Right,3,4,3,High/High,Normal,Yes,77900000,#Engine,RCM,6,,01/01/2011,2024,,,67,75,85,81,76,80,,,,,,,"Leadership, Playmaker (AI), Team Player",85,72,61,87,56,80,85,76,85,84,68,66,73,88,80,83,63,94,75,80,79,80,82,85,59,84,,80,70,14,12,5,10,13,77+3,77+3,77+3,80+0,80+0,80+0,80+0,80+0,82+3,82+3,82+3,82+3,84+1,84+1,84+1,82+3,81+3,82+3,82+3,82+3,81+3,79+3,76+3,76+3,76+3,79+3
198219,https://sofifa.com/player/198219/lorenzo-insigne/210002,L. Insigne,Lorenzo Insigne,29,04/06/1991,163,59,Italy,Napoli,Italian Serie A,1,85,85,37500000,120000,"LW, CF",Right,3,4,4,High/Medium,PLAYER_BODY_TYPE_338,Yes,63800000,"#Dribbler, #Acrobat",LW,24,,01/07/2010,2022,LW,10,88,78,83,91,36,44,,,,,,,"Finesse Shot, Long Shot Taker (AI), Speed Dribbler (AI), Outside Foot Shot",83,75,59,83,74,90,87,77,78,93,92,84,93,80,93,78,50,70,34,84,34,26,81,85,74,83,,24,22,8,4,14,9,10,77+3,77+3,77+3,85+0,84+0,84+0,84+0,85+0,85+0,85+0,85+0,84+1,77+3,77+3,77+3,84+1,63+3,57+3,57+3,57+3,63+3,58+3,44+3,44+3,44+3,58+3
204485,https://sofifa.com/player/204485/riyad-mahrez/210002,R. Mahrez,Riyad Mahrez,29,21/02/1991,179,67,Algeria,Manchester City,English Premier League,1,85,85,37500000,210000,"RW, RM",Left,3,4,5,Medium/Medium,PLAYER_BODY_TYPE_324,Yes,69400000,"#Dribbler, #Acrobat",RW,26,,10/07/2018,2023,,,83,79,81,90,38,59,,,,,,,"Finesse Shot, Flair, Long Shot Taker (AI), Technical Dribbler (AI)",83,79,48,80,76,90,84,78,75,91,87,79,92,81,88,79,60,76,55,80,48,39,80,84,70,84,,31,22,15,9,13,11,6,77+3,77+3,77+3,84+0,83+0,83+0,83+0,84+0,84+1,84+1,84+1,84+1,77+3,77+3,77+3,84+1,64+3,60+3,60+3,60+3,64+3,59+3,48+3,48+3,48+3,59+3
239085,https://sofifa.com/player/239085/erling-haaland/210002,E. Haaland,Erling Haaland,19,21/07/2000,194,88,Norway,Borussia Dortmund,German 1. Bundesliga,1,84,92,45000000,56000,ST,Left,2,3,3,High/High,PLAYER_BODY_TYPE_277,Yes,85500000,"#Distance Shooter, #Strength, #Clinical Finisher, #Complete Forward",LS,9,,01/01/2020,2024,RS,23,84,87,63,76,43,85,,,,,,,Speed Dribbler (AI),46,87,67,74,82,75,77,62,49,78,80,88,75,83,67,93,70,78,91,83,82,41,86,68,80,83,,38,30,7,14,13,11,7,83+2,83+2,83+2,77+0,80+0,80+0,80+0,77+0,77+2,77+2,77+2,74+2,69+2,69+2,69+2,74+2,59+2,60+2,60+2,60+2,59+2,57+2,57+2,57+2,57+2,57+2
